Línea,Porcentaje 
B,26.4101% 
D,23.5482% 
A,18.2523% 
C,15.7764% 
H,9.44273% 
E,6.57028% 
